Freq, Harmonic, V1, VAngle1, I1, IAngle1
60, 1.00000, 279.811, -121.957, 109.456, 71.3263
120, 2.00000, 2.33255E-014, 83.6392, 6.49905E-013, -177.807
180, 3.00000, 1.49499, -52.2105, 0.548845, -175.914
240, 4.00000, 1.31072E-014, -179.797, 2.23323E-013, -52.6148
300, 5.00000, 24.6392, 5.44464, 20.8437, 99.5915
360, 6.00000, 5.64657E-015, -101.037, 6.49435E-014, 9.7978
420, 7.00000, 33.823, 3.49423, 5.55456, 68.7281
