Freq, Harmonic, V1, VAngle1, I1, IAngle1
60, 1.00000, 275.321, -2.67264, 61.1647, 166.631
120, 2.00000, 1.69979E-014, 145.908, 1.76949E-014, -42.2484
180, 3.00000, 1.58573, -55.0767, 1.6668, 179.664
240, 4.00000, 1.12612E-014, 151.618, 1.99464E-014, -58.9268
300, 5.00000, 25.8689, -84.3038, 15.4471, 4.694
360, 6.00000, 4.44005E-015, -82.0034, 2.14535E-014, -105.485
420, 7.00000, 21.408, 148.561, 4.14379, -33.1344
