Freq, Harmonic, V1, VAngle1, I1, IAngle1
60, 1.00000, 283.688, -121.974, 295.147, 12.3734
120, 2.00000, 1.24071E-014, 150.543, 5.06738E-013, -99.8822
180, 3.00000, 1.48247, -49.581, 2.13627, 159.46
240, 4.00000, 1.12762E-014, -149.92, 1.59432E-013, -49.0664
300, 5.00000, 23.4254, 6.17999, 6.03812, 79.416
360, 6.00000, 1.17786E-014, 33.1979, 1.50463E-013, 145.51
420, 7.00000, 33.3704, 2.79398, 8.9704, 23.2458
