Freq, Harmonic, V1, VAngle1, I1, IAngle1
60, 1.00000, 273.919, -3.15929, 45.6808, 176.855
120, 2.00000, 1.03615E-013, 115.795, 3.0994E-012, -131.145
180, 3.00000, 1.64352, -53.9218, 1.24389, 179.391
240, 4.00000, 6.04272E-014, -125.942, 7.06225E-013, -4.13
300, 5.00000, 25.9727, -87.4816, 4.29811, 43.145
360, 6.00000, 7.97462E-014, 13.302, 9.80401E-013, 130.844
420, 7.00000, 20.7905, 151.823, 4.98149, -28.125
