Freq, Harmonic, V1, VAngle1, I1, IAngle1
60, 1.00000, 276.764, 117.541, 296.226, -107.979
120, 2.00000, 1.93349E-014, 35.5888, 6.68286E-013, 145.581
180, 3.00000, 1.66345, -61.9642, 3.8542, -83.5779
240, 4.00000, 1.40828E-014, -85.2843, 2.43486E-013, 31.6008
300, 5.00000, 25.7445, 112.358, 9.66704, -67.3065
360, 6.00000, 5.35254E-015, -174.416, 6.98323E-014, -67.1338
420, 7.00000, 13.9622, -149.629, 14.9156, 111.775
