Freq, Harmonic, V1, VAngle1, I1, IAngle1
60, 1.00000, 2478.6, -121.944, 0, 0
120, 2.00000, 2.77222E-013, 85.3743, 0, 0
180, 3.00000, 13.7447, -54.4056, 0, 0
240, 4.00000, 3.81928E-013, -140.786, 0, 0
300, 5.00000, 202.961, 13.7419, 0, 0
360, 6.00000, 5.3216E-013, 20.7229, 0, 0
420, 7.00000, 345.744, 3.60349, 0, 0
