Freq, Harmonic, V1, VAngle1, I1, IAngle1
60, 1.00000, 274.182, -2.97955, 106.67, -174.931
120, 2.00000, 2.64846E-014, 124.337, 7.91644E-013, -120.652
180, 3.00000, 1.65855, -55.969, 0.896757, -59.9133
240, 4.00000, 1.6535E-014, 128.624, 2.39422E-013, -120.519
300, 5.00000, 24.9574, -85.9408, 17.1206, 172.882
360, 6.00000, 5.90287E-015, 4.13351, 8.39432E-014, 114.565
420, 7.00000, 21.5867, 149.092, 13.9493, -134.247
