Freq, Harmonic, V1, VAngle1, I1, IAngle1
60, 1.00000, 279.462, -122.273, 0, 0
120, 2.00000, 0, 0, 0, 0
180, 3.00000, 1.51354, -53.2852, 0, 0
240, 4.00000, 0, 0, 0, 0
300, 5.00000, 23.1356, 5.74273, 0, 0
360, 6.00000, 0, 0, 0, 0
420, 7.00000, 33.6065, 3.12952, 0, 0
