Freq, Harmonic, V1, VAngle1, I1, IAngle1
60, 1.00000, 274.055, 117.951, 61.9884, -74.9151
120, 2.00000, 8.09688E-015, -79.9951, 2.64759E-014, 17.3958
180, 3.00000, 1.80876, -56.232, 0.296633, 155.165
240, 4.00000, 2.05238E-014, -152.884, 1.44786E-014, -139.662
300, 5.00000, 25.2557, 113.118, 16.4573, 114.104
360, 6.00000, 1.92114E-014, 41.7994, 2.2309E-014, 63.4924
420, 7.00000, 12.9543, -152.006, 2.8046, -120.771
