Freq, Harmonic, V1, VAngle1, I1, IAngle1
60, 1.00000, 279.782, -122.15, 46.4059, 56.5037
120, 2.00000, 7.26916E-014, 70.798, 1.98552E-012, 163.367
180, 3.00000, 1.49228, -54.3637, 0.969837, -68.4189
240, 4.00000, 8.27131E-014, -111.534, 1.13718E-012, 8.4128
300, 5.00000, 22.8535, 6.13476, 4.02441, -78.8897
360, 6.00000, 1.43939E-013, 59.2426, 1.7954E-012, 176.035
420, 7.00000, 33.728, 2.84047, 4.70741, 55.0049
