Freq, Harmonic, V1, VAngle1, I1, IAngle1
60, 1.00000, 2377.76, 117.131, 0, 0
120, 2.00000, 1.77556E-013, 118.679, 0, 0
180, 3.00000, 16.8975, -58.2851, 0, 0
240, 4.00000, 3.112E-013, -150.277, 0, 0
300, 5.00000, 240.417, 113.721, 0, 0
360, 6.00000, 4.1443E-013, -175.529, 0, 0
420, 7.00000, 173.238, -165.166, 0, 0
