Freq, Harmonic, V1, VAngle1, I1, IAngle1
60, 1.00000, 277.939, -3.01102, 294.11, 132.015
120, 2.00000, 1.42595E-014, -65.4903, 5.51016E-013, 37.6434
180, 3.00000, 1.7885, -53.9949, 3.41786, 62.9121
240, 4.00000, 3.03523E-015, -0.66715, 1.12953E-013, 123.619
300, 5.00000, 24.8737, -86.985, 10.9383, -160.697
360, 6.00000, 7.60709E-015, -120.091, 9.7027E-014, -15.1988
420, 7.00000, 20.7951, 149.317, 8.57684, -155.677
