Freq, Harmonic, V1, VAngle1, I1, IAngle1
60, 1.00000, 2412.08, -3.43024, 0, 0
120, 2.00000, 3.23867E-013, 106.67, 0, 0
180, 3.00000, 15.007, -56.2762, 0, 0
240, 4.00000, 3.27052E-013, -153.347, 0, 0
300, 5.00000, 223.364, -73.2433, 0, 0
360, 6.00000, 3.15463E-013, -16.1706, 0, 0
420, 7.00000, 172.915, 148.217, 0, 0
