Freq, Harmonic, V1, VAngle1, I1, IAngle1
60, 1.00000, 280.749, -121.632, 63.0136, 46.5014
120, 2.00000, 1.66612E-014, 74.6124, 8.84144E-015, 85.7028
180, 3.00000, 1.51587, -52.8285, 1.94838, -3.6858
240, 4.00000, 2.75095E-014, -177.198, 6.95985E-015, 32.0826
300, 5.00000, 24.4626, 5.99235, 15.2839, -120.709
360, 6.00000, 2.18616E-014, -132.973, 1.08484E-015, -145.052
420, 7.00000, 33.7365, 3.56167, 1.66967, 55.0458
