Freq, Harmonic, V1, VAngle1, I1, IAngle1
60, 1.00000, 272.63, 117.392, 45.803, -64.1077
120, 2.00000, 3.98346E-014, 153.065, 1.13298E-012, -64.6554
180, 3.00000, 1.8202, -58.3317, 1.23915, 42.4869
240, 4.00000, 5.6884E-014, -105.033, 8.22943E-013, 27.8092
300, 5.00000, 25.8163, 110.2, 4.18543, 154.952
360, 6.00000, 1.87486E-013, -133.965, 2.56359E-012, -23.9562
420, 7.00000, 15.1567, -152.558, 2.16231, -164.971
