Freq, Harmonic, V1, VAngle1, I1, IAngle1
60, 1.00000, 272.878, 117.613, 118.141, -52.9338
120, 2.00000, 5.07997E-015, 159.598, 1.86284E-013, -20.7986
180, 3.00000, 1.78779, -57.3839, 0.641965, 88.7086
240, 4.00000, 7.72162E-015, 126.187, 7.07249E-014, -104.105
300, 5.00000, 25.3951, 113.323, 14.8042, -35.959
360, 6.00000, 3.66173E-015, 141.838, 5.13428E-014, -104.106
420, 7.00000, 13.9072, -154.085, 15.8155, 159.443
